artist_name_rollup,sony_flag,parent_genre,catalog_growth_rate,catalog_momentum_pctile,release_momentum_avg_pct_change,release_momentum_pctile,instagram_1m_growth_rate,ig_growth_pctile,tiktok_1m_growth_rate,tiktok_growth_pctile,ig_engagement_rate,ig_engagement_pctile,tiktok_like_to_view_ratio,tiktok_engagement_pctile,lean_forward_%,lean_forward_pct_pctile,lf_streams_per_listener,lf_streams_per_listener_pctile,core_streaming_age,core_streaming_age_pctile,core_socials_age,core_socials_age_pctile,kpi_count,normalized_score,overall_percentile,overall_rating
Bella Kay,N,Pop,0.6517866024485773,97.0,2.250885472798132,84.0,1.1484899520874,100.0,0.364850997924805,100.0,0.118481306814298,90.0,0.1016738215777,46.0,,,,,,,19.7955182072829,96.0,7,87.57142857142857,100.0,Exceptional
STELLA LEFTY,N,Pop,0.7483738625640366,97.0,16.337909576820696,91.0,0.206527993083,99.0,0.266160994768143,98.0,0.0638201154407256,78.0,0.11511527951526,62.0,,,,,,,24.2354437159898,67.0,7,84.57142857142857,100.0,Exceptional
RAYE,N,Pop,0.45688804474515904,95.0,9.186403761462802,89.0,0.0653050020337105,94.0,0.0294118002057076,84.0,0.140818810275379,93.0,0.124416623315363,67.0,,,,,,,24.956707248663,43.0,7,80.71428571428571,99.0,Excellent
SIENNA SPIRO,N,Pop,0.1388520297679931,90.0,17.96894623394972,92.0,0.127995997667313,98.0,0.100000001490116,95.0,0.084067342365832,84.0,0.160543682705384,90.0,,,,,,,25.9260016459159,24.0,7,81.85714285714286,99.0,Excellent
Girlsweetvoiced,Y,R&B,5.322596050057895,100.0,,,0.754112005233765,100.0,0.314375996589661,99.0,0.559713788071365,100.0,0.175212317774508,93.0,0.68,66.0,6.16,78.0,25.3474952895065,71.0,24.7065718969994,52.0,9,84.33333333333333,99.0,Excellent
Hailey Picardi,Y,Pop,-0.0990228906312132,17.0,-0.15558278948435278,23.0,0.065580703318119,95.0,0.0250783991068602,83.0,0.23137551481576,98.0,0.22667600912433,99.0,0.69,69.0,9.49,93.0,20.8429683195592,99.0,19.6110375096753,100.0,10,77.6,98.0,Excellent
Ninajirachi,N,Dance & Electronic,0.053416997432971736,80.0,1.2575547626868584,76.0,0.125308007001877,98.0,0.126246005296707,97.0,0.148103424178896,94.0,0.140499764262141,78.0,,,,,,,25.3786806877587,31.0,7,79.14285714285714,98.0,Excellent
Dominic Fike,Y,Alternative / Indie,0.5128200179513003,96.0,0.5707317197205973,65.0,,,,,0.0547512599920603,73.0,,,0.63,51.0,8.38,91.0,21.4569823933594,97.0,24.111569905793,70.0,7,77.57142857142857,98.0,Excellent
Ari Abdul,Y,Pop,0.013841469116777088,64.0,0.12198560067864615,42.0,0.0362001992762089,91.0,0.0335949994623661,87.0,0.131548551552003,92.0,0.178939637302143,94.0,0.64,54.0,4.87,66.0,21.5282775459797,95.0,20.0007739358382,87.0,10,77.2,97.0,Excellent
John Michael Howell,N,Christian & Gospel,0.12443475407788358,90.0,0.40038153790633413,58.0,0.0360625982284546,90.0,0.051281999796629,92.0,0.0952829885353127,86.0,0.0953785045374156,43.0,,,,,,,20.1488310933086,78.0,7,76.71428571428571,97.0,Excellent
Asake,N,Afrobeats,0.1050209965738651,88.0,,,0.0172403007745743,84.0,0.277777999639511,99.0,0.050514699394151,71.0,0.175688309644446,93.0,,,,,,,29.0,16.0,6,75.16666666666667,96.0,Excellent
JENNIE,Y,K-Pop,0.09758718187452274,87.0,0.7580487804878049,70.0,0.00186846998985857,57.0,0.0409091003239155,90.0,0.0424514912664195,63.0,0.147524752475248,84.0,0.6,39.0,6.57,82.0,24.1768122225951,78.0,19.7092513338987,99.0,10,74.9,96.0,Excellent
Stray Kids,Y,K-Pop,-0.09662259340902801,18.0,1.2573613232785,75.0,0.00198446004651487,58.0,0.0113636003807187,73.0,0.0270752077407149,45.0,0.214849831836966,97.0,0.84,97.0,11.34,95.0,17.8468210021106,99.0,19.7359782003305,98.0,10,75.5,96.0,Excellent
TOMORROW X TOGETHER,N,K-Pop,-0.006364162386880793,55.0,3.8345261076493005,87.0,0.0053916098549962,68.0,0.00711743999272585,66.0,0.0250098763047455,41.0,0.258572148148148,100.0,,,,,,,19.7193412533786,98.0,7,73.57142857142857,95.0,Excellent
Eli,Y,Pop,0.36612203193105064,95.0,1.531931923450782,79.0,0.0161317996680737,83.0,0.00220982008613646,55.0,0.0249319475377382,41.0,0.124676462389997,67.0,0.76,86.0,8.31,90.0,27.5943419751253,60.0,20.1237868977919,80.0,10,73.6,95.0,Excellent
beabadoobee,N,Alternative / Indie,0.021506482884109772,70.0,,,0.0182982999831438,85.0,0.0178571008145809,79.0,0.0789877474811495,83.0,0.0858758935809566,35.0,,,,,,,20.0711554789139,84.0,6,72.66666666666667,95.0,Excellent
Peso Pluma,N,Latin,0.06604739099415123,83.0,,,0.020558200776577,86.0,0.0344827994704247,87.0,0.0708487277037178,79.0,0.0971740294511379,44.0,,,,,,,24.7162689435512,51.0,6,71.66666666666667,94.0,Excellent
Love Spells,N,R&B,-0.1137173911178595,15.0,5.014542328812507,87.0,0.0249381996691227,87.0,0.0169491991400719,77.0,0.111808900019264,89.0,0.110280187456377,56.0,,,,,,,19.8599633807985,93.0,7,72.0,94.0,Excellent
Freddie Dredd,Y,Hip-Hop & Rap,0.02091533753179907,70.0,,,-0.000138301998958923,39.0,0.0625,94.0,0.0313996988718804,51.0,0.177716589281215,94.0,0.73,79.0,4.05,56.0,23.0395120834906,80.0,20.0929924060367,82.0,9,71.66666666666667,94.0,Excellent
BabyDrill,Y,Hip-Hop & Rap,0.06981278537039266,84.0,2.173205968517801,84.0,-0.00110445998143405,29.0,0.039723701775074,89.0,0.119403880705544,91.0,0.110290924880591,56.0,0.77,88.0,4.02,55.0,22.2416209185956,84.0,24.8165954407881,48.0,10,70.8,93.0,Excellent
ATEEZ,Y,K-Pop,-0.28266939339217184,4.0,14.627056014910673,90.0,0.00390293006785214,64.0,0.0107527002692223,72.0,0.0231992235529443,39.0,0.16108020723358,91.0,0.75,84.0,19.05,99.0,24.3415208213113,76.0,19.910353681119,91.0,10,71.0,93.0,Excellent
SOMBR,N,Alternative / Indie,-0.12824674543846096,13.0,0.19726053336457677,48.0,0.0207893997430801,86.0,0.0212766006588936,81.0,0.11001369036502,89.0,0.153277672071586,87.0,,,,,,,19.7651057605558,97.0,7,71.57142857142857,93.0,Excellent
Olivia Rodrigo,N,Pop,0.003542846805232886,58.0,,,0.00725245010107756,72.0,0.0,30.0,0.0761388038962052,81.0,0.142217910447761,80.0,,,,,,,19.7682284419679,96.0,6,69.5,92.0,Excellent
Emma Andersen,Y,Pop,-0.11911866150185109,14.0,2.3537928262285166,85.0,0.0124369999393821,79.0,,,0.112302059900313,89.0,0.157435804919117,89.0,0.59,35.0,4.34,60.0,21.9337903475835,89.0,19.8367367394441,94.0,9,70.44444444444444,92.0,Excellent
Zara Larsson,Y,Pop,0.17001219490918193,91.0,0.04238825098101934,36.0,0.0517630018293858,93.0,0.142857000231743,97.0,0.0381720857016238,59.0,0.150891844598526,85.0,0.52,16.0,5.63,73.0,26.9145632279751,66.0,20.0854093099852,83.0,10,69.9,92.0,Excellent
Olivia Dean,N,Pop,-0.1543062646839638,9.0,14.771153879143151,90.0,0.0560377016663551,94.0,0.058823499828577,93.0,0.177091165630801,97.0,0.109409203282925,55.0,,,,,,,24.9270547523388,44.0,7,68.85714285714286,91.0,Excellent
Isaac Dunbar,Y,Pop,-0.02436638485141361,44.0,,,0.0016577000496909,54.0,0.0540356002748013,92.0,0.0428091346521042,63.0,0.163150272047599,91.0,0.76,86.0,2.65,24.0,23.0477006178751,78.0,20.0311196399907,86.0,9,68.66666666666667,91.0,Excellent
Bausa,N,Dance & Electronic,-0.8040644154535929,1.0,51.92144896614824,95.0,0.0437600016593933,92.0,0.0624133013188839,93.0,0.313954517299354,99.0,0.0320646174226627,7.0,,,,,,,19.7435781909597,97.0,7,69.14285714285714,91.0,Excellent
Presley Regier,Y,Pop,-0.007595248577279281,53.0,0.6542531744533493,67.0,0.0137802995741367,82.0,0.0116085996851325,74.0,0.0605362379555928,76.0,0.157602663706992,90.0,0.61,43.0,6.01,77.0,22.8864422729436,81.0,25.0397582726625,39.0,10,68.2,90.0,Excellent
Blessing Jolie,Y,Pop,0.8197405842607967,98.0,0.8156706039484876,71.0,,,,,,,0.136173184357542,76.0,0.8,95.0,2.67,25.0,30.9338422391858,43.0,,,6,68.0,90.0,Excellent
Audrey Hobert,Y,Pop,-0.0686998662704579,25.0,0.7731548155431947,70.0,0.0314383991062641,89.0,0.00837181974202394,67.0,0.167938535490325,96.0,0.0850761495299862,34.0,0.66,61.0,7.86,89.0,25.1312674465499,74.0,24.1653388885202,68.0,10,67.3,89.0,Very Strong
Lizzy McAlpine,Y,Pop,-0.09917980255141698,17.0,19.981682970652823,93.0,0.0204888004809618,85.0,0.0,30.0,0.131307301393674,92.0,0.148264895601555,84.0,0.58,32.0,7.26,88.0,21.5037483947764,97.0,24.470032006289,60.0,10,67.8,89.0,Very Strong
Youngboy Never Broke Again,N,Hip-Hop & Rap,-0.06699755566631438,26.0,0.362321132018472,55.0,0.00835653021931648,74.0,0.0294118002057076,84.0,0.0644142446279127,78.0,0.152541213914514,86.0,,,,,,,24.3256875306738,65.0,7,66.85714285714286,88.0,Very Strong
Doja Cat,Y,Pop,-0.037106990696437574,37.0,307.6582593980919,99.0,0.000141430995427072,42.0,0.0184502005577087,80.0,0.0239808467453042,40.0,0.141659340857048,79.0,0.58,32.0,6.22,79.0,21.9053839958483,90.0,19.9198480334419,91.0,10,66.9,88.0,Very Strong
Sleepy Hallow,Y,Hip-Hop & Rap,0.027289545471774937,72.0,0.1886483247666862,47.0,0.0365745015442371,91.0,-0.00326851010322571,2.0,0.0488651453464166,69.0,0.124835759099263,68.0,0.75,84.0,5.64,74.0,21.8706340649992,91.0,24.102324632107,71.0,10,66.9,88.0,Very Strong
Eem Triplin,Y,Hip-Hop & Rap,-0.11998666871813922,13.0,0.37279082443880257,55.0,0.0374809987843037,91.0,0.0178909003734589,79.0,0.159487290051649,95.0,0.0764070261035543,28.0,0.71,74.0,6.66,83.0,22.2533785483783,82.0,24.1353134812388,69.0,10,66.9,88.0,Very Strong
Nardo Wick,Y,Hip-Hop & Rap,0.005536594149932578,60.0,,,0.00445877993479371,65.0,0.00354331010021269,58.0,0.136577717416008,93.0,0.125174687530755,68.0,0.75,84.0,3.47,39.0,22.1208558505095,85.0,24.9044345298987,45.0,9,66.33333333333333,87.0,Very Strong
Clairo,N,Alternative / Indie,-0.021307175093428755,46.0,,,0.00461533991619945,67.0,0.0,30.0,0.0916575095426398,86.0,0.193833670039315,96.0,,,,,,,20.1928923770295,76.0,6,66.83333333333333,87.0,Very Strong
Sabrina Carpenter,N,Pop,-0.08842933132608824,22.0,-0.39104518350330814,14.0,0.0120647996664047,79.0,0.0351351015269756,88.0,0.0576934915387668,75.0,0.163384872544923,91.0,,,,,,,19.8002024655383,95.0,7,66.28571428571429,87.0,Very Strong
RIIZE,Y,K-Pop,-0.0958099768791896,19.0,0.1337969975134584,44.0,0.0314741991460323,89.0,0.0454545989632607,90.0,0.0420743999206871,62.0,0.234243988347751,99.0,0.65,58.0,6.72,84.0,22.0180397997305,86.0,25.6005099639018,27.0,10,65.8,86.0,Very Strong
Blood Orange,Y,R&B,0.10983431776248342,89.0,1.3607284644764737,77.0,0.013773599639535,81.0,0.0310456994920969,86.0,0.0271888445881841,46.0,0.106873027186641,52.0,0.65,58.0,4.69,64.0,23.0238384467962,80.0,25.973680945297,23.0,10,65.6,86.0,Very Strong
Teezo Touchdown,Y,Hip-Hop & Rap,-0.04243891425283152,33.0,,,0.00506279012188315,67.0,0.0302613992244005,85.0,0.072113625528046,80.0,0.129434002449284,71.0,0.78,91.0,4.2,58.0,25.1975618266362,73.0,25.2111040530309,34.0,9,65.77777777777777,86.0,Very Strong
horsegiirL,Y,Dance & Electronic,0.10246318458559149,87.0,0.985962652207626,73.0,0.0503728985786438,93.0,0.097475603222847,95.0,0.0979378802433557,87.0,0.0345607260412534,8.0,0.62,47.0,4.25,59.0,27.658480851127,59.0,25.0962916737157,38.0,10,64.6,85.0,Very Strong
Travis Scott,Y,Hip-Hop & Rap,-0.028098199194012692,42.0,457.482075472578,100.0,-0.000558145984541625,35.0,0.0399999991059303,89.0,0.0436387668545434,64.0,0.0483908333333333,15.0,0.69,69.0,7.16,87.0,22.0897522315084,85.0,24.3530720361248,65.0,10,65.1,85.0,Very Strong
Alex Warren,N,Pop,0.007248185748076291,61.0,0.22338507891380255,50.0,0.00897233001887798,75.0,0.00480769015848637,60.0,0.063789200925869,78.0,0.102766876346402,48.0,,,,,,,19.9941092683541,87.0,7,65.57142857142857,85.0,Very Strong
Caroline Polachek,N,Alternative / Indie,0.06638862906024169,83.0,,,0.00121585000306368,52.0,0.0298423003405333,84.0,0.0775971365614377,82.0,0.109118367691788,54.0,,,,,,,25.4514752487409,29.0,6,64.0,84.0,Very Strong
Dee Mula,N,Hip-Hop & Rap,-0.011940309490222002,51.0,1.7665919821965994,82.0,0.00547021999955177,69.0,0.00930851045995951,70.0,0.0567689776326207,74.0,,,,,,,,,25.0846450454555,39.0,6,64.16666666666667,84.0,Very Strong
Future,Y,Hip-Hop & Rap,0.009105194147350254,63.0,50.74756717109165,95.0,0.000666752981487662,47.0,0.0057270098477602,62.0,0.032828564850815,52.0,0.143526836821415,81.0,0.62,47.0,6.99,85.0,25.2760876261655,72.0,25.1449464493569,36.0,10,64.0,84.0,Very Strong
Skillibeng,Y,Reggae / Caribbean,0.06788674342746229,83.0,3.0015812551716987,85.0,0.00182612997014076,57.0,0.0325701013207436,86.0,0.0527023357300064,72.0,0.145438105636686,83.0,0.71,74.0,3.15,32.0,30.9726540963723,42.0,25.7687771899425,25.0,10,63.9,83.0,Very Strong
Harry Styles,Y,Pop,2.614909104219527,99.0,-0.42965576932880684,13.0,-0.000522311020176858,36.0,0.0,30.0,0.0470915960687901,67.0,0.136089066285768,75.0,0.7,72.0,23.1,100.0,27.4841216085835,64.0,20.0979858817434,82.0,10,63.8,83.0,Very Strong
Tate McRae,Y,Pop,-0.10865956105475935,15.0,0.18413204821003462,46.0,0.0105991996824741,77.0,0.0,30.0,0.102049799529281,88.0,0.116330754352031,64.0,0.56,27.0,11.48,96.0,21.5064159115576,96.0,19.8708544802962,93.0,10,63.2,82.0,Very Strong
CA7RIEL & Paco Amoroso,Y,Latin,0.682916919362124,97.0,-0.17531548032384459,20.0,0.0757939964532852,97.0,0.101397000253201,96.0,0.124585058306612,91.0,0.0448334438250783,13.0,0.74,81.0,13.31,97.0,33.9879825039895,35.0,34.6183470227909,4.0,10,63.1,82.0,Very Strong
Noah Kahan,N,Alternative / Indie,-0.02971785958569586,40.0,-0.7066269196833629,6.0,0.00995489023625851,76.0,0.0303029995411634,85.0,0.077539729091926,81.0,0.152628904868796,86.0,,,,,,,20.2753328115915,72.0,7,63.714285714285715,82.0,Very Strong
Ella Langley,Y,Country,0.11032858844779864,89.0,3.2665704929490134,86.0,0.164746001362801,99.0,0.107142999768257,96.0,0.131127920059387,92.0,0.104353115084979,50.0,0.38,2.0,10.54,94.0,38.173521332763,16.0,33.9541226260307,6.0,10,63.0,81.0,Very Strong
Geese,N,Alternative / Indie,-0.09203679342883338,20.0,0.47557722779424766,62.0,0.0750385001301765,97.0,0.0822367966175079,94.0,0.161927109285228,96.0,0.10850509357972,53.0,,,,,,,29.2983802216539,14.0,7,62.285714285714285,81.0,Very Strong
Isabel LaRosa,Y,Pop,-0.035668294318448215,37.0,-0.5220989337568684,9.0,0.0134987998753786,81.0,0.0,30.0,0.0302222418343195,48.0,0.168343279340722,92.0,0.7,72.0,5.07,68.0,21.0421990970048,98.0,19.8893357331683,93.0,10,62.8,81.0,Very Strong
Joey Valence & Brae,Y,Hip-Hop & Rap,-0.037936762318760836,36.0,0.07588000583727622,38.0,-0.000824287009891123,33.0,0.0909091010689735,95.0,0.0428200568651877,64.0,0.0934735706580367,41.0,0.76,86.0,12.6,97.0,27.7930765615423,56.0,20.2064836963881,75.0,10,62.1,80.0,Very Strong
Latto,Y,Hip-Hop & Rap,0.34968271555744973,94.0,-0.3286683861897022,16.0,0.0171438008546829,83.0,0.0192307997494936,80.0,0.0931348400363983,86.0,0.118124528301887,65.0,0.6,39.0,3.56,42.0,28.1901815150159,53.0,24.3899637495576,64.0,10,62.2,80.0,Very Strong
SZA,Y,R&B,-0.024174930390223996,44.0,,,0.00177398999221623,55.0,0.00887812953442335,69.0,0.039556863329212,60.0,0.131841436931797,73.0,0.61,43.0,7.78,89.0,21.8549236646313,92.0,25.2055898247595,35.0,9,62.22222222222222,80.0,Very Strong
kwn,Y,R&B,-0.014527618659819387,49.0,-0.14444121925631984,25.0,0.0260138008743525,88.0,0.0198701005429029,81.0,0.0739160640084411,81.0,0.14427512429774,82.0,0.53,20.0,6.37,81.0,24.2596513164045,77.0,25.2324861319567,34.0,10,61.8,79.0,Strong
Rod Wave,Y,Hip-Hop & Rap,-0.03351660664008502,39.0,0.05484037608408868,38.0,-0.00309309992007911,7.0,0.0,30.0,0.0836114986434937,84.0,0.152578694223534,86.0,0.71,74.0,16.65,98.0,21.5218059334582,95.0,24.585412530228,55.0,10,60.6,79.0,Strong
Fuerza Regida,Y,Latin,0.006060777790908914,61.0,0.2758402951886322,52.0,0.000949319975916296,50.0,0.0131579004228115,75.0,0.0216136923189821,36.0,0.112490870079307,60.0,0.59,35.0,14.3,98.0,22.0018736626275,87.0,24.5634550279074,56.0,10,61.0,79.0,Strong
"Tyler, The Creator",Y,Hip-Hop & Rap,-0.09764522025072794,18.0,-0.836948461011366,3.0,,,,,0.0705508858355249,79.0,,,0.73,79.0,9.05,92.0,21.6787474080398,94.0,24.5123519529656,59.0,7,60.57142857142857,78.0,Strong
Thornhill,N,Rock,0.003168783261228795,58.0,1.5372045531942935,80.0,0.0170351006090641,83.0,0.00520833022892475,61.0,0.0454564725234659,66.0,0.105740987983979,51.0,,,,,,,25.7900386201272,25.0,7,60.57142857142857,78.0,Strong
Moneybagg Yo,N,Hip-Hop & Rap,0.0448801679165267,76.0,,,0.0128383999690413,80.0,0.0,30.0,0.106530827247741,88.0,0.111951114418896,59.0,,,,,,,25.4565231734455,29.0,6,60.333333333333336,78.0,Strong
Shawny Binladen,Y,Hip-Hop & Rap,0.05161294765840221,78.0,0.4085088313536615,59.0,,,,,0.0302260684162669,48.0,,,0.88,99.0,3.6,43.0,27.5786802030457,61.0,25.3657868327572,31.0,7,59.857142857142854,77.0,Strong
Zach Bryan,N,Country,0.007435075379513748,61.0,34.0706652063333,94.0,0.00251175998710096,60.0,0.0,30.0,0.0201442727869057,34.0,0.124325993002675,67.0,,,,,,,20.1901162927741,76.0,7,60.285714285714285,77.0,Strong
Sasha Keable,Y,R&B,-0.3304229254811609,3.0,0.4136513045940609,59.0,0.0314719006419182,89.0,0.0479087010025978,91.0,0.0955256831266271,87.0,0.178131291461764,94.0,0.53,20.0,9.24,93.0,30.5203301237231,45.0,29.0,16.0,10,59.7,76.0,Strong
Aliyah's Interlude,Y,Hip-Hop & Rap,-0.035109576063641436,38.0,0.17440744395927235,45.0,0.000381020014174283,45.0,0.0,30.0,0.0478917940884215,68.0,0.201935867540963,97.0,0.65,58.0,2.61,23.0,21.4366430503895,98.0,19.8588916893064,94.0,10,59.6,76.0,Strong
Arima Ederra,Y,R&B,4.696798904979353,99.0,1.6854079216566416,81.0,0.0871974974870682,98.0,1.08140003681183,100.0,0.0526548346711834,72.0,0.00211223396472215,0.0,0.55,25.0,8.07,90.0,37.5063104168669,22.0,31.910830917065,9.0,10,59.6,76.0,Strong
NOAH NOAH,Y,Pop,0.08019441069258809,85.0,0.11357217184480452,41.0,-0.00226715998724103,11.0,0.0,30.0,0.011304163228518,26.0,0.191499068901304,95.0,0.86,98.0,3.04,30.0,22.5918815139879,81.0,19.9055090890179,92.0,10,58.9,75.0,Strong
Skye Newman,Y,Pop,0.16921620720937552,91.0,1.3225826046017313,77.0,0.0724200010299683,96.0,0.0,30.0,0.0305395132300077,49.0,0.0663392441710179,23.0,0.54,22.0,4.69,64.0,24.329426099671,76.0,24.4219619634353,62.0,10,59.0,75.0,Strong
Flo Milli,Y,Hip-Hop & Rap,0.13041645753703204,90.0,0.08070560857503004,39.0,-0.000291216012556106,38.0,0.0,30.0,0.0448976634584311,65.0,0.223304407595154,98.0,0.61,43.0,3.6,43.0,21.7168769848822,94.0,24.5947789192607,54.0,10,59.4,75.0,Strong
BLACKPINK,N,K-Pop,0.05333199058690555,80.0,-0.5250704984103975,9.0,0.00061957398429513,47.0,0.00576922995969653,63.0,0.0176866732358,32.0,0.14166573816156,79.0,,,,,,,19.6676774005328,100.0,7,58.57142857142857,74.0,Strong
Laufey,N,Alternative / Indie,-0.1771874019085183,7.0,0.32744233640642545,54.0,0.0126876002177596,80.0,0.00961538031697273,71.0,0.0782037193056692,82.0,0.125280329237743,69.0,,,,,,,24.8040591227912,49.0,7,58.857142857142854,74.0,Strong
Frank Ocean,N,R&B,0.05577353075431857,81.0,,,0.00291879009455442,62.0,0.0157303009182215,77.0,0.0,3.0,0.14215192028179,80.0,,,,,,,24.8324067013132,48.0,6,58.5,74.0,Strong
Nutso Thugn,Y,Hip-Hop & Rap,0.020260223048327138,69.0,,,-0.00306041003204882,8.0,0.0,30.0,0.0423233841528881,62.0,,,0.78,91.0,3.92,52.0,27.5326450045551,62.0,19.9588388144976,89.0,8,57.875,73.0,Strong
ROSÉ,N,K-Pop,-0.07266502702637213,25.0,,,-0.00134806998539716,23.0,0.00382408988662064,58.0,0.0349839375933252,55.0,0.155623646209386,88.0,,,,,,,19.7036306577455,99.0,6,58.0,73.0,Strong
Megan Maroney,Y,Country,-0.1471583268855507,10.0,0.4011150575476349,58.0,0.0141436001285911,82.0,0.0,30.0,0.0776001817445501,82.0,0.140853822227982,78.0,0.64,54.0,16.81,99.0,27.3546316212993,65.0,25.9106241940782,24.0,10,58.2,73.0,Strong
Three Days Grace,Y,Rock,0.004481626995046551,59.0,-0.15055418107793375,24.0,0.0118177002295852,78.0,0.0118690999224782,75.0,0.00823418792521935,20.0,0.128382554187083,71.0,0.6,39.0,7.0,85.0,27.9688943294949,55.0,20.4667104517591,71.0,10,57.7,72.0,Strong
Midnight Til Morning,N,Pop,-0.005154423632851157,55.0,0.4652282840669278,62.0,0.00404629996046424,64.0,0.0178200006484985,78.0,0.0311463486348325,50.0,0.131601703171007,72.0,,,,,,,28.2399954656025,20.0,7,57.285714285714285,72.0,Strong
Rhyan Douglas,Y,R&B,0.07058659087732376,84.0,,,,,,,0.0361930294906166,57.0,0.0815384615384615,32.0,0.71,74.0,2.45,18.0,27.9569641886118,55.0,20.0361820794556,85.0,7,57.857142857142854,72.0,Strong
Megan Thee Stallion,N,Hip-Hop & Rap,0.012978483184670897,63.0,0.629009402801577,67.0,8.38319028844126e-05,41.0,0.00591715984046459,63.0,0.021665446469971,36.0,0.216049092448039,97.0,,,,,,,25.4807970450787,29.0,7,56.57142857142857,71.0,Strong
Shaboozey,N,Country,0.043573955992755126,76.0,0.6895263728533735,68.0,0.00180643005296588,56.0,0.0,30.0,0.0575500835501437,75.0,0.113957950843944,61.0,,,,,,,25.2550013476241,33.0,7,57.0,71.0,Strong
Tems,Y,Afrobeats,0.04987983981093914,78.0,,,0.00981178972870111,76.0,0.142857000231743,97.0,0.0711010965496172,80.0,0.110189528795812,55.0,0.45,6.0,5.6,73.0,34.2367791056921,32.0,29.0,16.0,9,57.0,71.0,Strong
Suzy Clue,Y,Pop,0.3122813461273587,93.0,-0.2498363231635459,17.0,0.02734399959445,88.0,0.00680272001773119,66.0,0.16046908632079,95.0,0.0926030491247883,40.0,0.49,12.0,4.19,57.0,28.2600928400619,52.0,24.8966113675999,45.0,10,56.5,70.0,Strong
Paco,Y,Hip-Hop & Rap,-0.05778555826845061,28.0,1.851041966270716,83.0,0.0240556001663208,87.0,0.00952380988746881,70.0,0.031905359383402,52.0,0.0945273631840796,42.0,0.66,61.0,3.26,35.0,27.6741975693362,58.0,24.7926429778183,49.0,10,56.5,70.0,Strong
Cage The Elephant,Y,Rock,0.05304595476681552,79.0,,,0.000111189001472667,42.0,0.0199005007743835,81.0,0.028222949428304,47.0,0.0972669567346631,45.0,0.53,20.0,3.83,49.0,25.3780301542464,70.0,20.2414467127471,73.0,9,56.22222222222222,69.0,Solid
Ally Salort,Y,Pop,0.04276385770743074,75.0,0.5872370276761267,66.0,0.00456374976783991,66.0,0.0,30.0,0.00833095444773928,20.0,0.154740937049047,88.0,0.47,9.0,4.79,65.0,27.7813236858906,56.0,20.0354380995644,86.0,10,56.1,69.0,Solid
LISA,Y,K-Pop,-0.048156789870716116,31.0,-0.08567520152366137,30.0,0.000710734981112182,48.0,0.0228137001395226,82.0,0.0358267521382972,55.0,0.12636899747262,70.0,0.62,47.0,5.25,70.0,34.9250423376686,30.0,19.786052617357,96.0,10,55.9,69.0,Solid
Matt Champion,Y,Hip-Hop & Rap,-0.007434521367139416,53.0,,,-0.00207269005477428,13.0,0.0,30.0,0.0552944290840638,74.0,0.297591956841589,100.0,0.66,61.0,3.28,36.0,27.4946512541061,62.0,20.2232172899728,73.0,9,55.77777777777778,68.0,Solid
Giveon,N,R&B,-0.05890202835506772,27.0,0.611937824489175,66.0,0.00375575991347432,63.0,0.0,30.0,0.0448842563948963,65.0,0.142086828279104,79.0,,,,,,,24.4290079105024,61.0,7,55.857142857142854,68.0,Solid
Nemzzz,N,Hip-Hop & Rap,-0.02716385257300801,43.0,0.5279633421587663,64.0,-0.00643240008503199,1.0,0.0,30.0,0.152062422735324,94.0,0.136944787113428,76.0,,,,,,,20.1260836335845,80.0,7,55.42857142857143,68.0,Solid
Sleep Token,Y,Rock,-0.04465119847851104,33.0,-0.14419340857580054,26.0,0.00635802000761032,70.0,0.00854573026299477,68.0,0.0857395285329906,85.0,0.103254166241619,49.0,0.69,69.0,11.03,94.0,33.7602706963519,38.0,28.2599839418007,20.0,10,55.2,67.0,Solid
Luke Combs,Y,Country,0.3401263842197579,94.0,0.1950384766416629,48.0,0.00939088966697454,75.0,0.0149253997951746,76.0,0.0270939771631162,45.0,0.135935871547156,74.0,0.5,14.0,11.39,95.0,38.0845922195868,17.0,30.0663451810521,14.0,10,55.2,67.0,Solid
Alexandra Savior,Y,Alternative / Indie,-0.04559447560855794,32.0,-0.5045074841247681,10.0,,,,,0.0715540040198879,80.0,,,0.78,91.0,3.85,50.0,25.2034634141593,72.0,24.6848209888105,52.0,7,55.285714285714285,67.0,Solid
Jack Harlow,N,Hip-Hop & Rap,0.8348621571052443,98.0,0.13131986068259005,44.0,0.00219391006976366,59.0,0.0,30.0,0.0217218572966347,37.0,0.110889517097161,57.0,,,,,,,24.5153980657159,59.0,7,54.857142857142854,66.0,Solid
Polo G,Y,Hip-Hop & Rap,-0.018887587852045314,48.0,-0.009680645144227588,35.0,-0.00474148988723755,2.0,0.0,30.0,0.0223667365128723,38.0,0.125331721800363,69.0,0.7,72.0,6.72,84.0,21.8827270687018,91.0,20.126267091444,80.0,10,54.9,66.0,Solid
Levent Geiger,Y,Pop,-0.038529140313254974,36.0,-0.010721036610896906,34.0,-0.000884403998497874,32.0,0.0,30.0,0.0374022291339116,58.0,0.0879690374535735,36.0,0.76,86.0,3.49,40.0,17.4056296188958,100.0,19.8068719124645,94.0,10,54.6,65.0,Solid
reggie,Y,Hip-Hop & Rap,0.03138100371301952,73.0,0.7512269708275395,69.0,,,,,,,,,0.61,43.0,3.66,45.0,30.6867040698192,44.0,,,5,54.8,65.0,Solid
Gunna,N,Hip-Hop & Rap,-0.020505452966849188,46.0,0.3795183785135768,57.0,0.00651721004396677,70.0,0.0,30.0,0.0503673327929647,70.0,0.12511091393079,68.0,,,,,,,24.9937762700869,41.0,7,54.57142857142857,65.0,Solid
Pressa,Y,Hip-Hop & Rap,0.04060190497900482,74.0,1.8387258485282336,82.0,0.0023030498996377,59.0,0.00749597977846861,67.0,0.0180406750088602,33.0,0.0643561635469785,21.0,0.75,84.0,2.66,24.0,27.6343905082425,59.0,24.9047634084342,45.0,10,54.8,65.0,Solid
Mitski,N,Alternative / Indie,-0.0931665621896377,20.0,9.34017383590977,89.0,0.00588630978018045,69.0,0.0,30.0,0.0410830215102482,61.0,0.0417472574740963,12.0,,,,,,,19.7371879819774,98.0,7,54.142857142857146,64.0,Solid
Bryson Tiller,Y,R&B,0.01558383252629842,65.0,8.279091581260756,88.0,-0.00197972008027136,15.0,0.0,30.0,0.00565566890962296,14.0,0.16837107833471,92.0,0.57,29.0,6.02,77.0,21.9108060973606,90.0,24.9983408772045,41.0,10,54.1,64.0,Solid
Sierra Ferrell,N,Country,0.02355430012640867,71.0,,,0.0202674996107817,85.0,0.00780936982482672,67.0,0.0386616212410741,59.0,0.091937778803261,39.0,,,,,,,34.4025904946292,6.0,6,54.5,64.0,Solid
Miley Cyrus,Y,Pop,0.18526891362410966,92.0,0.5814354569717871,65.0,0.00130696000996977,53.0,0.0159575007855892,77.0,0.0106895390273919,25.0,0.155499437213195,88.0,0.54,22.0,3.45,39.0,38.43204495324,14.0,24.3985515338292,62.0,10,53.7,63.0,Solid
Lost Kings,Y,Dance & Electronic,-0.08171256083944925,23.0,0.6736317856880926,68.0,0.0103157004341483,77.0,0.0317194983363152,86.0,0.0119715635811324,28.0,0.143068899258853,81.0,0.67,64.0,2.05,9.0,33.5193241597602,39.0,24.3922446324598,63.0,10,53.8,63.0,Solid
Kevin Abstract,Y,Alternative / Indie,0.019781668846559762,69.0,-0.643138136863194,7.0,-0.00213354988954961,13.0,0.00937500037252903,70.0,0.0313825628977321,51.0,0.180519005847953,95.0,0.7,72.0,2.43,18.0,25.1693862191548,73.0,24.1212355278999,69.0,10,53.7,63.0,Solid
1999 WRITE THE FUTURE,N,Hip-Hop & Rap,0.00450555065260811,59.0,,,-0.00131614005658776,24.0,0.0,30.0,0.270860752829692,99.0,,,,,,,,,24.5658112635619,56.0,5,53.6,62.0,Solid
Rex Orange County,Y,Alternative / Indie,-0.014127264720247697,50.0,,,-0.00302696996368468,8.0,0.00550995022058487,62.0,0.0,3.0,0.133844228428398,74.0,0.72,77.0,3.64,44.0,22.2481341900102,82.0,20.1153066659167,81.0,9,53.44444444444444,62.0,Solid
The Marias,N,Alternative / Indie,-0.1469270763208445,11.0,0.2741674642727483,51.0,0.014882399700582,82.0,0.0,30.0,0.195299470969595,98.0,0.101835660998312,47.0,,,,,,,24.5920316906932,54.0,7,53.285714285714285,61.0,Solid
The Strokes,Y,Rock,0.03995847980441125,74.0,,,0.0399371013045311,92.0,0.00161290005780756,53.0,0.0262605162432572,44.0,0.0333050847457627,8.0,0.58,32.0,6.33,81.0,25.4087643909803,69.0,25.6878937934648,26.0,9,53.22222222222222,61.0,Solid
Walter The Producer,Y,Hip-Hop & Rap,-0.09160996662853908,21.0,1.6245339675793031,80.0,-0.0025984700769186,9.0,0.0,30.0,0.0801589476568923,84.0,0.156899109792285,89.0,0.63,51.0,2.68,26.0,25.5097728756854,67.0,20.1803218505803,77.0,10,53.4,61.0,Solid
Wolf Alice,Y,Alternative / Indie,0.0439297115272544,76.0,0.0464885499229292,37.0,0.0132125997915864,80.0,0.00544322980567813,62.0,0.0313656499540216,50.0,0.102524298056156,48.0,0.57,29.0,4.65,64.0,33.5487088869525,38.0,24.8818255304317,47.0,10,53.1,60.0,Solid
Kane Brown,Y,Country,0.19194874064505746,92.0,0.49103957875448917,63.0,0.00519928010180593,68.0,0.0,30.0,0.0502815952140365,70.0,0.0801390437218806,32.0,0.6,39.0,3.98,53.0,39.4885187618362,10.0,20.3739577366983,72.0,10,52.9,60.0,Solid
Alex G,Y,Alternative / Indie,-0.023061343684731506,44.0,-0.2560179005285244,17.0,,,,,0.0524611024350743,72.0,0.0139745447601074,4.0,0.84,97.0,5.81,76.0,24.2925269117548,77.0,25.0865413572319,38.0,8,53.125,60.0,Solid
The Cavemen.,Y,Afrobeats,-0.007331281841372404,54.0,-0.14666707852231337,24.0,0.000500779016874731,46.0,0.0528846010565758,92.0,0.0523643574845213,71.0,0.153915081885896,87.0,0.64,54.0,4.36,60.0,37.4452877925364,22.0,29.0,16.0,10,52.6,59.0,Average
Miguel,Y,R&B,-0.03470757267435698,38.0,34.539883623244386,94.0,0.000831400975584984,49.0,0.0252225007861853,83.0,0.0376006318553825,58.0,0.0247860112496943,5.0,0.52,16.0,5.24,70.0,21.8119753396328,93.0,26.1742442260348,22.0,10,52.8,59.0,Average
Steve Lacy,Y,R&B,0.02296710883383078,71.0,,,-0.00323391007259488,6.0,0.0,30.0,0.0224576892679905,39.0,0.170643679532303,92.0,0.61,43.0,3.87,51.0,21.7196690860395,93.0,24.8332708498169,47.0,9,52.44444444444444,59.0,Average
Lil Uzi Vert,N,Hip-Hop & Rap,-0.08248544723260699,23.0,14.952208887705767,91.0,-0.000423863006290048,37.0,0.0,30.0,0.0622356899670841,77.0,0.0854840427643956,35.0,,,,,,,20.2226154309065,74.0,7,52.42857142857143,58.0,Average
Deante' Hitchcock,Y,Hip-Hop & Rap,0.01847061530826409,67.0,0.8390988085793886,72.0,0.0725608021020889,96.0,0.0,30.0,0.0114766179011078,26.0,0.138481338481338,77.0,0.78,91.0,2.18,12.0,31.1036365699373,41.0,31.4796347711595,12.0,10,52.4,58.0,Average
Deante' Hitchcock,Y,Hip-Hop & Rap,0.01847061530826409,67.0,0.8390988085793886,72.0,0.0725608021020889,96.0,0.0,30.0,0.0114766179011078,26.0,0.138481338481338,77.0,0.78,91.0,2.18,12.0,31.1036365699373,41.0,31.4796347711595,12.0,10,52.4,58.0,Average
Leon Thomas,N,R&B,-0.06150527804172058,27.0,0.8054473957774745,71.0,0.00526147987693548,68.0,0.0,30.0,0.0276832161429754,46.0,0.0890496263652041,36.0,,,,,,,19.9604149858292,88.0,7,52.285714285714285,57.0,Average
Channel Tres,Y,Dance & Electronic,0.5070353137640773,96.0,1.3850902779020453,78.0,0.00179440004285425,56.0,0.0181818008422852,80.0,0.0144700879157745,30.0,0.120705956508037,65.0,0.64,54.0,2.46,19.0,34.0137855312919,34.0,31.7731088892888,11.0,10,52.3,57.0,Average
Bruno Mars,N,Pop,0.1171147509774513,89.0,-0.9999417075284975,0.0,0.0017808600096032,56.0,0.0125786000862718,75.0,0.0420539851851686,62.0,0.0784793590501054,30.0,,,,,,,24.6056980933394,53.0,7,52.142857142857146,56.0,Average
Lil Durk,Y,Hip-Hop & Rap,0.003976806315888559,58.0,0.101330539950382,40.0,-0.000555942999199033,35.0,0.0,30.0,0.0345135057105499,53.0,0.0931021199472066,41.0,0.7,72.0,6.2,78.0,24.4504350045503,75.0,25.0053551173795,40.0,10,52.2,56.0,Average
Angèle,N,Pop,-0.053547434073749865,29.0,,,0.00266275997273624,61.0,0.0476190000772476,91.0,0.0224016124737381,39.0,0.045793576305183,14.0,,,,,,,20.1412498466559,79.0,6,52.166666666666664,56.0,Average
ROSALÍA,Y,Latin,-0.09187241084200275,21.0,337.2200178722165,99.0,0.00216352008283138,58.0,0.0,30.0,0.0244416225531368,41.0,0.106619318181818,51.0,0.64,54.0,7.14,86.0,36.7743080007162,26.0,24.5675905696276,55.0,10,52.1,55.0,Average
Baby J,Y,Pop,3.316642937429749,99.0,18.659061435211406,92.0,0.0182608999311924,84.0,0.186390995979309,98.0,0.0215713784636969,36.0,0.0499194847020934,15.0,0.17,1.0,3.27,35.0,38.426750261233,14.0,24.9198142025238,44.0,10,51.8,55.0,Average
Cameron Winter,N,Alternative / Indie,-0.14834160221864887,10.0,,,0.0609652996063232,94.0,0.0349344983696938,88.0,0.0,3.0,0.0929456625357483,41.0,,,,,,,20.1955742724973,76.0,6,52.0,55.0,Average
Doechii,N,Hip-Hop & Rap,-0.0958462409809388,19.0,,,0.00108359998557717,52.0,0.0,30.0,0.0566985737558492,74.0,0.193477406679764,95.0,,,,,,,25.1333601988045,36.0,6,51.0,54.0,Average
Tyla,Y,Pop,-0.07456733282323914,24.0,1.2110474178414028,74.0,0.00841493997722864,74.0,0.00621117977425456,64.0,0.0510016224208156,71.0,0.137702340992677,76.0,0.42,3.0,3.82,48.0,37.6619938471772,20.0,24.5549929088735,56.0,10,51.0,54.0,Average
Tyler Childers,Y,Country,0.016225091979483613,66.0,0.3789515106311559,56.0,0.000788343022577465,48.0,0.00519873993471265,61.0,0.0377664490158986,59.0,0.15246621697331,85.0,0.6,39.0,4.17,56.0,31.0917449791431,41.0,33.9109313921104,6.0,10,51.7,54.0,Average
Bad Bunny,N,Latin,-0.45670475551005446,1.0,284.02613129995075,98.0,0.0015547500224784,54.0,0.00963854975998402,71.0,0.0,3.0,0.114719157472417,62.0,,,,,,,24.3169094424892,66.0,7,50.714285714285715,53.0,Average
Don Toliver,N,Hip-Hop & Rap,-0.1711963681025002,8.0,1.5231710813334085,78.0,0.0307209007441998,88.0,0.0,30.0,0.0703787792187477,79.0,0.0288095288647317,6.0,,,,,,,24.2339014706252,67.0,7,50.857142857142854,53.0,Average
Sheff G,Y,Hip-Hop & Rap,0.03882609859670336,74.0,0.48906332035078826,63.0,-0.00187872000969946,17.0,-0.00210452009923756,3.0,0.0256842774780623,42.0,0.0908669833729216,39.0,0.77,88.0,3.87,51.0,25.3613586596273,70.0,24.4720365515029,60.0,10,50.7,53.0,Average
The Kid LAROI,Y,Pop,-0.10486334452629371,16.0,0.3759409448016939,56.0,-0.00495387986302376,2.0,0.0,30.0,0.0346313413570843,54.0,0.0900785743824956,38.0,0.68,66.0,5.92,76.0,21.9918072327623,88.0,20.1551380617217,78.0,10,50.4,52.0,Average
Yebba,Y,R&B,0.5084862157316188,96.0,-0.05827236860365986,31.0,0.0028967100661248,62.0,0.00733945006504655,66.0,0.0466964568692993,66.0,0.0628666297731046,20.0,0.55,25.0,6.22,79.0,30.2351252504955,46.0,31.8182548772521,10.0,10,50.1,52.0,Average
Lancey Foux,Y,Hip-Hop & Rap,-0.04023762201257062,35.0,,,0.00264584994874895,61.0,-0.00394217995926738,1.0,0.0787941665389467,83.0,0.115582220719959,63.0,0.77,88.0,2.17,11.0,23.047255038221,79.0,25.6231098525623,27.0,9,49.77777777777778,52.0,Average
DJ Suzy,N,Dance & Electronic,-0.1651721465736743,8.0,0.7348806458347832,69.0,0.0081566097214818,74.0,0.00506511982530355,61.0,0.0575394925801819,75.0,0.0826010544815466,33.0,,,,,,,25.646722018011,26.0,7,49.42857142857143,51.0,Average
21 Savage,Y,Hip-Hop & Rap,-0.038801018009482324,36.0,,,-0.00191714998800308,16.0,0.0,30.0,0.0193846175173083,33.0,0.106694902558934,52.0,0.67,64.0,5.05,67.0,22.1251838687941,84.0,24.3921708724531,64.0,9,49.55555555555556,51.0,Average
Bruses,N,Latin,-0.058372543498688846,28.0,-0.10325513059087055,29.0,-2.75190996035235e-05,40.0,0.0,30.0,0.0306824965439236,49.0,0.144131240323114,82.0,,,,,,,19.9579904840578,89.0,7,49.57142857142857,51.0,Average
Kenny Mason,Y,Hip-Hop & Rap,-0.17881339067594085,7.0,0.12971879398855843,43.0,-0.00304157007485628,8.0,0.0,30.0,0.036146683318558,56.0,0.115425370874962,63.0,0.79,93.0,5.05,67.0,27.4935514877526,63.0,24.4158641942879,62.0,10,49.2,50.0,Average
Madison Beer,Y,Pop,-0.2906204486039031,4.0,0.9777149191254301,73.0,0.000440213014371693,45.0,0.0,30.0,0.0222349838964577,38.0,0.0794274952919021,31.0,0.58,32.0,6.6,82.0,21.9350487064346,88.0,24.2243939828408,67.0,10,49.0,50.0,Average
Anderson.Paak,N,R&B,,,,,0.00513614993542433,67.0,0.00638421019539237,65.0,0.0178965648583153,32.0,0.110887569627675,56.0,,,,,,,26.008347245409,23.0,5,48.6,49.0,Modest
Tyler ICU,Y,Afrobeats,0.014905060370361047,64.0,,,0.00230425992049277,59.0,-0.000511421996634454,8.0,0.00881016448647812,21.0,0.147313630555328,83.0,0.69,69.0,2.53,21.0,28.3082552023782,52.0,24.5130384261716,59.0,9,48.44444444444444,49.0,Modest
NAO,N,R&B,0.07601670528402411,85.0,,,-0.00116927002090961,27.0,0.0028943601064384,56.0,0.253508450024143,98.0,0.0252296922852559,5.0,,,,,,,28.0301350123735,21.0,6,48.666666666666664,49.0,Modest
A$AP Rocky,Y,Hip-Hop & Rap,-0.150636696051353,9.0,0.4312018096276819,60.0,-0.000935497984755784,30.0,0.0,30.0,0.0122070578845618,28.0,0.1280086047941,71.0,0.59,35.0,7.07,86.0,22.2428465322063,83.0,24.7284109868207,51.0,10,48.3,48.0,Modest
Young Nudy,Y,Hip-Hop & Rap,-0.0066537203056464544,54.0,-0.22089058067851297,18.0,-0.000810411002021283,33.0,0.0232558008283377,83.0,0.0442853796750311,65.0,0.0149956398082656,4.0,0.71,74.0,3.78,47.0,25.4345650173448,68.0,25.0965659188923,38.0,10,48.4,48.0,Modest
dhruv,N,Pop,-0.05170250327688593,30.0,,,-0.00344999996013939,5.0,0.0,30.0,0.0584167943828635,76.0,0.111909114651345,59.0,,,,,,,19.95544298129,90.0,6,48.333333333333336,48.0,Modest
Benson Boone,N,Pop,-0.051840304969689645,29.0,-0.1297312387337214,26.0,0.000181687995791435,44.0,0.0,30.0,0.0392187185619136,60.0,0.112869527367696,61.0,,,,,,,19.9861557931486,88.0,7,48.285714285714285,47.0,Modest
Halsey,Y,Pop,-0.03018937902656544,40.0,-0.46659161354465173,11.0,-0.00163370999507606,20.0,0.0,30.0,0.0119689822857324,27.0,0.11373618078985,61.0,0.84,97.0,4.37,61.0,28.0311972840438,53.0,20.0915894511761,82.0,10,48.2,47.0,Modest
Kali Uchis,N,R&B,-0.06757847175406623,26.0,1.3011921514966878,76.0,-0.00010073599696625,39.0,0.0,30.0,0.151031720828984,94.0,0.0724627994955864,27.0,,,,,,,24.8877571559071,46.0,7,48.285714285714285,47.0,Modest
Lil Baby,N,Hip-Hop & Rap,0.018590422221106916,68.0,-0.12840479626321144,27.0,-0.00110602995846421,29.0,0.0178571008145809,79.0,0.0,3.0,0.139039851608215,77.0,,,,,,,24.6790298196846,52.0,7,47.857142857142854,46.0,Modest
Hello Yello,Y,Pop,-0.3030823418087511,3.0,,,,,,,0.0469587141506461,67.0,,,0.74,81.0,2.28,15.0,25.5057851239669,68.0,24.5978393070116,54.0,6,48.0,46.0,Modest
Chloe Qisha,Y,Pop,-0.3584478136723318,2.0,0.236965602631143,50.0,0.0705661997199059,95.0,0.0386473014950752,88.0,0.0366323907455013,57.0,0.00478100721447739,2.0,0.45,6.0,5.48,72.0,33.9413835378658,36.0,24.2007040366152,68.0,10,47.6,46.0,Modest
Amy Shark,Y,Pop,0.34787213322296345,94.0,,,0.0342701002955437,90.0,0.0113636003807187,73.0,0.0269009134516441,45.0,0.0420279012454341,12.0,0.68,66.0,3.06,31.0,39.1337257825093,10.0,32.543123485315,7.0,9,47.55555555555556,45.0,Modest
Lucky Daye,Y,R&B,0.05818208907023281,82.0,,,-0.00181096000596881,18.0,0.00243210000917315,56.0,0.0117203526648655,27.0,0.12713461964959,70.0,0.67,64.0,3.25,34.0,27.9697342321784,54.0,28.017474713899,21.0,9,47.333333333333336,45.0,Modest
Gracie Abrams,N,Pop,-0.09050570868002082,22.0,-0.9636513103393818,2.0,0.00707730976864696,72.0,,,0.113706252242009,90.0,0.0777565217391304,29.0,,,,,,,24.1023706389693,70.0,6,47.5,45.0,Modest
cieratherapper,Y,Hip-Hop & Rap,0.24996368960989301,93.0,0.07684641472863456,39.0,0.00762662990018725,73.0,0.00215936009772122,55.0,0.014161486902869,30.0,0.0898931000971817,37.0,0.62,47.0,5.65,75.0,37.9840963987452,19.0,34.5598919637082,5.0,10,47.3,44.0,Modest
DAMEDAME*,Y,R&B,-0.04122399712921782,34.0,9.0292472360481,88.0,,,,,0.41328813559322,100.0,,,0.66,61.0,1.96,5.0,36.5226570412112,27.0,29.0,16.0,7,47.285714285714285,44.0,Modest
Childish Gambino,Y,R&B,0.04586562522964173,77.0,,,0.000130785992951132,42.0,0.0,30.0,0.0,3.0,0.111278640508686,58.0,0.72,77.0,3.0,29.0,25.425836590582,69.0,25.0352838840986,40.0,9,47.22222222222222,44.0,Modest
Carter Vail,Y,Alternative / Indie,-0.2076152862227232,6.0,0.21028784660266006,49.0,0.000931916991248727,50.0,0.0,30.0,0.0149669985942984,31.0,0.147134295809866,83.0,0.72,77.0,6.3,80.0,33.9200030296145,37.0,25.6260664778811,27.0,10,47.0,43.0,Modest
Shawn Mendes,N,Pop,0.008455238180954932,62.0,,,-0.00123445002827793,26.0,0.0,30.0,0.0105058853265536,24.0,0.104583969465649,50.0,,,,,,,19.9168636490688,91.0,6,47.166666666666664,43.0,Modest
Chris Brown,Y,R&B,-0.08002690533502875,24.0,97.00291529101764,97.0,-0.00100428005680442,30.0,0.00869564991444349,69.0,0.00488934618698729,12.0,0.111344117647059,58.0,0.56,27.0,5.36,71.0,34.4644501855848,31.0,24.8291897791158,48.0,10,46.7,42.0,Modest
TOOL,Y,Rock,-0.006420528930228572,54.0,,,0.00777760986238718,73.0,0.0467914007604122,91.0,0.0105472390834472,24.0,0.079939391522788,32.0,0.62,47.0,8.54,91.0,43.8718315397677,5.0,34.7144329790634,4.0,9,46.77777777777778,42.0,Modest
Brent Faiyaz,N,R&B,-0.2399767417691307,5.0,0.20851449360123184,49.0,0.00268161995336413,61.0,0.0,30.0,0.0909233560992586,85.0,0.116091673560236,64.0,,,,,,,25.4005660318907,31.0,7,46.42857142857143,42.0,Modest
Vincent Neil Emerson,Y,Country,0.0055947040512894265,60.0,0.18821905317123006,46.0,0.00677751982584596,71.0,0.0401072986423969,89.0,0.0218436063659365,37.0,0.102278749337573,47.0,0.62,47.0,4.02,55.0,39.9044352793278,7.0,35.1210118136211,3.0,10,46.2,41.0,Modest
Victoria Monét,Y,R&B,-0.04062441793710048,34.0,,,-0.00125321000814438,25.0,0.0114625999704003,73.0,0.0252279016446204,42.0,0.134366641017185,74.0,0.54,22.0,2.97,28.0,37.2886617298263,23.0,19.9098947672064,92.0,9,45.888888888888886,41.0,Modest
Kygo,Y,Dance & Electronic,0.06339645229294996,82.0,,,0.00168898003175855,55.0,0.0152046997100115,76.0,0.00564188982658589,14.0,0.0998973209657753,46.0,0.5,14.0,3.76,46.0,37.3430004392032,23.0,24.5288618531134,57.0,9,45.888888888888886,41.0,Modest
Eyedress,Y,Alternative / Indie,-0.014386619147608137,49.0,-0.08105805444447123,30.0,-0.00456098979339004,2.0,0.0,30.0,0.0163688449582954,31.0,,,0.65,58.0,3.16,33.0,22.0259117733511,86.0,19.9047758539336,92.0,9,45.666666666666664,40.0,Modest
Ariana Grande,N,Pop,-0.10229160272284364,17.0,3.09752261640512,86.0,-0.000905001012142748,31.0,0.00249999994412065,56.0,0.0038012225753129,10.0,0.0869235569422777,35.0,,,,,,,20.0368435016322,85.0,7,45.714285714285715,40.0,Modest
Kyra Machida,Y,Pop,1.169146112155735,98.0,1.9211217372853788,83.0,-0.00810416974127293,0.0,-0.0026672100648284,2.0,0.0,3.0,0.0479548660084626,14.0,0.63,51.0,5.16,69.0,27.5717967302891,61.0,20.2054308728912,75.0,10,45.6,40.0,Modest
Billie Eilish,N,Pop,-0.09747877219297156,18.0,,,0.000174058994161896,43.0,0.0,30.0,0.0345941657705745,53.0,0.0961178928846365,43.0,,,,,,,20.0025935216026,86.0,6,45.5,39.0,Soft
Morgan Wallen,N,Country,0.05804459471358918,81.0,-0.021069451634297298,34.0,0.00107723998371512,51.0,0.0,30.0,0.0488022723607345,69.0,0.0672901878914405,24.0,,,,,,,25.4303748994779,30.0,7,45.57142857142857,39.0,Soft
Camila Cabello,N,Pop,0.009091076696303366,62.0,,,-0.00158564001321793,21.0,0.0,30.0,0.0104322237227863,23.0,0.102195347709897,47.0,,,,,,,19.9922119470869,87.0,6,45.0,38.0,Soft
Lola Young,N,Pop,-0.14461861220800493,11.0,-0.16717627850821043,20.0,0.0041128802113235,65.0,0.0,30.0,0.129776953312065,91.0,0.065672539271235,22.0,,,,,,,20.1343044022273,79.0,7,45.42857142857143,38.0,Soft
Sexyy Red,N,Hip-Hop & Rap,0.09163828434936082,86.0,0.43632898490566907,60.0,-0.00360074010677636,4.0,0.0,30.0,0.0361127597606242,56.0,0.106881787067423,52.0,,,,,,,25.4118146952451,30.0,7,45.42857142857143,38.0,Soft
Maiya the Don,N,Hip-Hop & Rap,-0.025886301657226767,43.0,-0.4437454950574625,12.0,0.0666987970471382,95.0,-0.00220082001760602,3.0,0.0221730445903807,38.0,0.133722363770856,73.0,,,,,,,24.7104885817744,51.0,7,45.0,38.0,Soft
G-Eazy,Y,Hip-Hop & Rap,0.05707944029387812,81.0,-0.4285991884898461,13.0,0.00125908001791686,53.0,0.0,30.0,0.00738304781567665,19.0,0.0822994201691766,33.0,0.65,58.0,3.29,36.0,27.2388481124182,65.0,24.4697885146126,61.0,10,44.9,37.0,Soft
Kodak Black,N,Hip-Hop & Rap,-0.014688013130463466,49.0,69.66025560886311,96.0,-0.00231202994473279,11.0,0.0,30.0,0.00389022772008022,11.0,0.114221691066627,62.0,,,,,,,24.5701721407658,55.0,7,44.857142857142854,37.0,Soft
Kendrick Lamar,N,Hip-Hop & Rap,-0.09122816682280335,21.0,,,-2.0566700186464e-05,40.0,0.0,30.0,0.189389181982994,97.0,,,,,,,,,25.1740221512495,35.0,5,44.6,36.0,Soft
Fousheé,Y,R&B,0.0022252308217586554,57.0,,,-0.00342298997566104,5.0,-0.000715820002369583,8.0,0.028158456793747,47.0,0.220828424003575,98.0,0.8,95.0,2.17,11.0,30.113903165108,48.0,25.2569121674805,33.0,9,44.666666666666664,36.0,Soft
Isaia Huron,Y,R&B,0.05229465232924369,79.0,1.1803296726356869,74.0,0.0381962992250919,92.0,0.251497000455856,98.0,0.0,3.0,0.00815513921693204,3.0,0.22,1.0,4.38,62.0,38.0511172329354,18.0,29.0,16.0,10,44.6,36.0,Soft
Troye Sivan,N,Pop,-0.01847250512186035,48.0,,,-0.00185777002479881,17.0,0.0,30.0,0.0255247385395889,42.0,0.10250748970166,48.0,,,,,,,20.1530635370155,78.0,6,43.833333333333336,35.0,Soft
Lil Nas X,Y,Pop,0.05049579920430053,78.0,,,-0.0040769400075078,3.0,0.0,30.0,0.0111226755090727,25.0,0.0685480519480519,25.0,0.69,69.0,3.14,32.0,28.8521496898561,51.0,19.9798459902914,88.0,9,44.55555555555556,35.0,Soft
JADE,Y,Pop,-0.20747464369969046,6.0,-0.0563529979688867,32.0,-0.00168862997088581,20.0,0.0,30.0,0.00522776108844081,12.0,0.125480271482802,70.0,0.66,61.0,7.27,88.0,30.7919147539531,44.0,20.1081418667695,81.0,10,44.4,35.0,Soft
Colter Wall,Y,Country,-0.011582654040474951,51.0,-0.25843891058828833,16.0,0.00459143985062838,66.0,0.00311256991699338,57.0,0.030510971049953,48.0,0.111239193083573,57.0,0.57,29.0,5.21,69.0,33.2161804958359,39.0,34.4128912874251,5.0,10,43.7,34.0,Soft
Becky G,Y,Latin,0.02708202247146883,72.0,-0.6975445283759569,6.0,-0.00128169998060912,25.0,0.00843882001936436,68.0,0.00680371692818906,17.0,0.144448380710399,82.0,0.52,16.0,3.52,41.0,35.1884444410821,30.0,20.1289833569213,79.0,10,43.6,34.0,Soft
Lexi Jayde,N,Pop,-0.002161572858436614,56.0,,,-0.00272885011509061,9.0,-0.00112757994793355,6.0,0.0,3.0,0.156612272022447,89.0,,,,,,,19.7104166236276,99.0,6,43.666666666666664,34.0,Soft
KAYTRANADA,Y,Dance & Electronic,0.05320095553270026,79.0,,,0.00107301003299654,51.0,-0.00137803994584829,6.0,0.0345499395282337,53.0,0.103126085446336,49.0,0.54,22.0,4.2,58.0,27.6242184387741,60.0,31.4491635372422,13.0,9,43.44444444444444,33.0,Soft
Debbii Dawson,Y,Pop,-0.009595424537485367,52.0,-0.16655221202656514,21.0,-0.00167155999224633,20.0,0.00196464010514319,54.0,0.00648259472533345,16.0,0.108517350157729,54.0,0.63,51.0,3.83,49.0,30.8415703837816,43.0,20.3484351081268,72.0,10,43.2,33.0,Soft
Samaria,Y,R&B,-0.05836502822258291,28.0,,,,,,,0.0611900456385086,77.0,,,0.65,58.0,2.28,15.0,30.0996230146468,48.0,25.2240183541275,34.0,6,43.333333333333336,33.0,Soft
BigXthaplug,N,Hip-Hop & Rap,0.022059353528131872,71.0,-0.1625585879193046,22.0,0.0232660006731749,86.0,0.0,30.0,0.0212178041761556,35.0,0.096133811367931,44.0,,,,,,,31.4981660495622,12.0,7,42.857142857142854,32.0,Soft
Jacotene,N,Pop,-0.19980982232474598,7.0,0.38216513711786854,57.0,0.00992185994982719,76.0,-0.0015968099469319,5.0,0.140191591921411,93.0,0.076396257355069,28.0,,,,,,,25.1525725376081,36.0,7,43.142857142857146,32.0,Soft
Hozier,Y,Alternative / Indie,-0.020892983570201407,46.0,,,-0.00027966100606136,38.0,0.0,30.0,0.0409616383621547,61.0,0.0643405028020413,20.0,0.47,9.0,5.64,74.0,28.3708875850624,51.0,24.5179661651572,58.0,9,43.0,32.0,Soft
Lil Yachty,N,Hip-Hop & Rap,-0.021405625465181887,45.0,-0.41357821128321515,14.0,-0.000463522010250017,36.0,0.0,30.0,0.0104984458323427,24.0,0.118297876123503,65.0,,,,,,,20.1113893490015,81.0,7,42.142857142857146,31.0,Soft
Jourden,Y,Hip-Hop & Rap,0.09454925471646224,87.0,,,,,,,0.0240582406181805,40.0,,,0.74,81.0,1.81,3.0,34.0085597320432,35.0,31.7392648469883,11.0,6,42.833333333333336,31.0,Soft
Rauw Alejandro,N,Latin,-0.13783897358065428,12.0,-0.06353477348848867,31.0,-0.00240084994584322,10.0,0.0,30.0,0.0582333692308905,76.0,0.111636869585756,59.0,,,,,,,20.2093747513668,74.0,7,41.714285714285715,31.0,Soft
Ray Vaughn,Y,Hip-Hop & Rap,-0.008916033324702621,52.0,0.09199462932121338,40.0,-0.00113145995419472,28.0,-0.000484730990137905,9.0,0.0180403468005142,32.0,0.142251185747889,80.0,0.6,39.0,3.52,41.0,33.9383033141599,36.0,24.4701148213305,60.0,10,41.7,30.0,Soft
Lady Gaga,N,Pop,-0.1050485705446982,16.0,-0.1461818366455005,25.0,-0.000327082991134375,37.0,0.0,30.0,0.0451583534830857,66.0,0.135949771689498,75.0,,,,,,,24.981339541816,42.0,7,41.57142857142857,30.0,Soft
Ravyn Lenae,N,R&B,0.008055852975353717,62.0,-0.978830662756803,1.0,0.0120048001408577,78.0,0.00428065983578563,59.0,0.0339241483441911,52.0,0.00509660105712654,2.0,,,,,,,25.3306462834085,32.0,7,40.857142857142854,29.0,Weak
Foo Fighters,Y,Rock,0.040796122274701356,75.0,-0.10896324188903443,28.0,0.00249469000846148,60.0,0.017468199133873,78.0,0.0086089051270034,21.0,0.0907520923082762,39.0,0.61,43.0,4.4,62.0,44.030419030966,4.0,34.5761271936565,4.0,10,41.4,29.0,Weak
Coldplay,N,Rock,-0.03195699610024963,39.0,28.778151260504202,93.0,-0.00205445010215044,14.0,0.0,30.0,0.00704622265463347,18.0,0.10705791168488,53.0,,,,,,,24.97056025966,42.0,7,41.285714285714285,29.0,Weak
AVAION,Y,Dance & Electronic,0.0046607733844278,60.0,0.13460342353551122,45.0,-0.00199170992709696,15.0,0.00144560995977372,53.0,0.0535996179353925,73.0,0.1221647707687,66.0,0.46,7.0,3.34,37.0,37.0859797860305,25.0,25.7480112938567,26.0,10,40.7,28.0,Weak
Chappell Roan,N,Pop,-0.06475165341330096,26.0,,,-0.00357813993468881,4.0,0.0,30.0,0.0979948583355394,87.0,0.0670823686948946,23.0,,,,,,,20.2089130323723,75.0,6,40.833333333333336,28.0,Weak
Shallipopi,N,Afrobeats,-0.07916539531748815,24.0,-0.05090376888794168,33.0,-0.00199683010578156,15.0,0.0,30.0,0.15907514203547,95.0,0.121479846449136,66.0,,,,,,,26.2009982121399,22.0,7,40.714285714285715,28.0,Weak
H.E.R.,Y,R&B,-0.019537056399243594,47.0,,,-0.000653375987894833,35.0,0.0,30.0,0.0258288699005834,43.0,0.0895515109150429,37.0,0.64,54.0,3.53,41.0,29.09780800364,50.0,25.4939031524903,28.0,9,40.55555555555556,27.0,Weak
Playboi Carti,N,Hip-Hop & Rap,-0.1071750928809919,16.0,-0.9289944619254477,3.0,-0.00313214003108442,6.0,0.0,30.0,0.258725108549463,99.0,0.116417910447761,64.0,,,,,,,24.2840125558276,66.0,7,40.57142857142857,27.0,Weak
Dua Lipa,N,Pop,-0.0009588439962048933,56.0,,,-0.00131477997638285,24.0,0.0,30.0,0.0131670132452062,29.0,0.0625856573705179,19.0,,,,,,,20.0670825873218,84.0,6,40.333333333333336,26.0,Weak
Tele,Y,Pop,-0.20226995756676994,6.0,0.30243105055489233,54.0,0.00743887014687061,73.0,-0.000498007982969284,9.0,0.0,3.0,0.0934936786925686,42.0,0.57,29.0,3.8,48.0,27.3931465001992,64.0,20.1842572784396,77.0,10,40.5,26.0,Weak
Davido,Y,Afrobeats,0.038440980792939235,73.0,-0.9989726243186048,1.0,0.000504044000990689,47.0,0.0104166995733976,72.0,0.00683297379970534,17.0,0.199954934347538,96.0,0.49,12.0,3.94,52.0,37.9505601343533,19.0,29.0,16.0,10,40.5,26.0,Weak
Oliver Heldens,Y,Dance & Electronic,0.09330829842659911,86.0,0.11801055318024956,41.0,-0.000268842006335035,38.0,0.011583000421524,74.0,0.00526977864597623,12.0,0.0975732881404825,45.0,0.58,32.0,1.87,3.0,38.3465299419635,15.0,24.5190165496992,58.0,10,40.4,26.0,Weak
Joseph Lawrence,Y,R&B,-0.021559400729457685,45.0,-0.051088423573178915,33.0,-0.00114162999670953,27.0,-0.00159282004460692,5.0,0.0,3.0,0.217426886910628,98.0,0.9,100.0,1.96,5.0,30.4110718492344,45.0,24.9921204643911,42.0,10,40.3,25.0,Weak
Khalid,Y,R&B,-0.008322003332471866,53.0,-0.36171455910053435,15.0,-0.00312586990185082,7.0,0.0,30.0,0.00360179528383398,9.0,0.111542379430257,58.0,0.59,35.0,3.76,46.0,25.6856881173686,66.0,20.079638545969,83.0,10,40.2,25.0,Weak
Lila Iké,Y,Reggae / Caribbean,0.015991276655929774,65.0,0.1267957206111452,43.0,0.00124637002591044,53.0,0.0226700007915497,82.0,0.0214045070344853,35.0,0.131889908256881,73.0,0.5,14.0,2.5,20.0,41.28763134574,6.0,31.9020883331228,10.0,10,40.1,25.0,Weak
Cat Burns,Y,Pop,-0.07088003145027096,25.0,0.2540480812441251,51.0,9.72259003901854e-05,41.0,0.0,30.0,0.0263768971561162,44.0,0.0758256419628987,27.0,0.72,77.0,2.7,26.0,34.0398131436458,34.0,24.9549622821821,43.0,10,39.8,24.0,Weak
J. Cole,N,Hip-Hop & Rap,-0.43566943279470316,1.0,,,0.00166026002261788,55.0,-0.00175499997567385,4.0,0.109625586081394,88.0,0.112498654322317,60.0,,,,,,,25.2913513894104,32.0,6,40.0,24.0,Weak
PNAU,Y,Dance & Electronic,0.10734117359728361,88.0,,,0.0117416996508837,77.0,0.0685020014643669,94.0,0.0215412700482462,35.0,0.00288338499161145,1.0,0.59,35.0,1.96,5.0,38.1191503951753,16.0,31.9598569789128,9.0,9,40.0,24.0,Weak
Myles Smith,Y,Pop,-0.140340979843361,12.0,0.2867066723091196,53.0,0.00337004009634256,63.0,0.0,30.0,0.0258780702044956,43.0,0.104421082353399,50.0,0.44,5.0,4.24,59.0,35.7763125867851,29.0,24.6750459090941,53.0,10,39.7,23.0,Weak
Drake,N,Hip-Hop & Rap,-0.02173964889751229,45.0,69.85273549184699,97.0,-0.000845751026645303,32.0,0.0,30.0,0.00660804978569779,16.0,0.0475094681376585,14.0,,,,,,,24.9398630729848,44.0,7,39.714285714285715,23.0,Weak
iAMLYRIC,Y,Hip-Hop & Rap,-0.28323678624113985,4.0,-0.16716308597152388,21.0,,,,,0.0865198562609417,85.0,,,0.79,93.0,2.46,19.0,30.1345872518286,47.0,32.6282968924879,7.0,7,39.42857142857143,22.0,Weak
Tokischa,Y,Latin,0.01801071774245406,67.0,-0.08906260208029035,29.0,-0.00390942022204399,3.0,0.0,30.0,0.0273633062866883,46.0,0.0980124521649258,45.0,0.62,47.0,2.24,13.0,24.7331839130824,74.0,25.0365778979787,40.0,10,39.4,22.0,Weak
Jelly Roll,N,Country,-0.049053840362771745,31.0,,,0.000331179006025195,44.0,0.0101009998470545,72.0,0.0315871850323711,51.0,0.0796257668711656,31.0,,,,,,,32.3610155524854,8.0,6,39.5,22.0,Weak
Charli XCX,N,Pop,-0.35592754391353854,2.0,0.4461149879652877,61.0,0.000230556004680693,44.0,0.0,30.0,0.0200331563008815,34.0,0.0823761581143826,33.0,,,,,,,24.1642860847123,69.0,7,39.0,21.0,Weak
Grizzly Bear,Y,Alternative / Indie,0.017839225839310725,66.0,,,,,,,0.0371103822431256,58.0,,,0.68,66.0,2.53,21.0,38.7603498632381,12.0,33.8035513042522,7.0,6,38.333333333333336,21.0,Weak
Addison Rae,Y,Pop,-0.09655546248769088,19.0,-0.19601830855670874,19.0,-0.00110911997035146,28.0,-0.00113379000686109,6.0,0.0090448319696193,22.0,0.0710108459869848,25.0,0.52,16.0,5.41,72.0,21.9180238488577,89.0,19.8039486274225,95.0,10,39.1,21.0,Weak
FERG,Y,Hip-Hop & Rap,0.013076591357432712,64.0,0.12241696416481228,42.0,-0.00185182003770024,17.0,0.000742390984669328,52.0,0.00150799253449893,6.0,0.0289788745286127,7.0,0.67,64.0,2.6,22.0,27.7627310200962,57.0,24.8816128559036,47.0,10,37.8,20.0,Weak
Sam Smith,N,Pop,-0.03766576500872461,37.0,-0.963080314198949,2.0,0.000445715006208047,46.0,0.0,30.0,0.0,3.0,0.151490707941009,85.0,,,,,,,24.4567459021559,61.0,7,37.714285714285715,20.0,Weak
Phoebe Bridgers,N,Alternative / Indie,-0.05228808164875561,29.0,,,-0.00125100999139249,26.0,0.00614727009087801,64.0,0.0,3.0,0.131268823529412,72.0,,,,,,,25.307255536391,32.0,6,37.666666666666664,20.0,Weak
Pentatonix,Y,Pop,-0.05158429025143818,30.0,0.21347326512759449,50.0,-0.00206443993374705,14.0,0.0,30.0,0.00190086496281377,7.0,0.0762798904455915,27.0,0.78,91.0,3.66,45.0,44.2502186047315,3.0,20.2090447525941,74.0,10,37.1,19.0,Very Weak
Don West,N,R&B,-0.14583739381022506,11.0,0.19082791417500608,47.0,0.00670439982786775,71.0,0.00409835996106267,59.0,0.0349645527019944,54.0,0.0262214411247803,5.0,,,,,,,31.7321447561759,11.0,7,36.857142857142854,19.0,Very Weak
Karol G,N,Latin,-0.04044476812259662,35.0,0.27444124583233953,52.0,-0.00145393004640937,23.0,-0.00180832005571574,4.0,0.0387323001196078,60.0,0.064810707456979,22.0,,,,,,,24.3640520490491,65.0,7,37.285714285714285,19.0,Very Weak
Now United,N,Pop,-0.011258161284630315,51.0,-0.5390700678075557,8.0,-0.00222938996739686,12.0,0.0,30.0,0.00309572716810163,9.0,0.109829542663457,55.0,,,,,,,19.9385671866296,90.0,7,36.42857142857143,18.0,Very Weak
Ed Sheeran,N,Pop,-0.008854436584793249,52.0,-0.1159176256661295,27.0,-0.00194910995196551,16.0,0.0,30.0,0.0065900266024378,16.0,0.0777786496588317,30.0,,,,,,,20.0749823197674,84.0,7,36.42857142857143,18.0,Very Weak
London on Da Track,Y,Hip-Hop & Rap,,,,,,,,,0.0123604484998244,28.0,,,0.75,84.0,1.5,1.0,34.1928045163142,33.0,25.098794864765,37.0,5,36.6,18.0,Very Weak
Post Malone,N,Pop,-0.05011395720912361,30.0,,,-0.00073101301677525,33.0,0.0,30.0,0.00894102704124901,22.0,0.0772955233539023,29.0,,,,,,,20.2546827692729,73.0,6,36.166666666666664,17.0,Very Weak
Tenille Townes,Y,Country,0.01574692159764803,65.0,1.218433759867023,75.0,0.00324121001176536,62.0,0.00192382000386715,54.0,0.00927067180894067,23.0,0.0676100628930818,24.0,0.61,43.0,2.02,8.0,40.9191693588056,6.0,42.6169314080474,1.0,10,36.1,17.0,Very Weak
Normani,Y,R&B,-0.02920124020307541,41.0,,,-0.000924812979064882,31.0,0.0,30.0,0.00817027127821936,19.0,0.0921863196044868,40.0,0.61,43.0,2.28,15.0,34.3144383665233,32.0,24.2389976130008,66.0,9,35.22222222222222,16.0,Very Weak
Cosmo's Midnight,Y,Dance & Electronic,0.011550446955736376,63.0,0.5624615749050477,64.0,-2.96868001896655e-05,39.0,0.00139664998278022,52.0,0.0113768008317243,26.0,0.00901677004364806,3.0,0.58,32.0,1.99,7.0,36.7315122628536,27.0,24.9968748997631,41.0,10,35.4,16.0,Very Weak
Hudson Mohawke,Y,Dance & Electronic,-0.027460731561497906,43.0,,,0.00635399995371699,70.0,-0.000938966986723244,7.0,0.0397078311352306,61.0,0.0377409343351846,10.0,0.8,95.0,1.5,1.0,36.3190045248869,28.0,32.1503556168348,9.0,9,36.0,16.0,Very Weak
Jharrel Jerome,Y,Hip-Hop & Rap,-0.019857500989576463,47.0,,,-0.00225575990043581,12.0,0.0,30.0,0.00890105078809107,22.0,0.0375747408267733,9.0,0.87,99.0,1.64,2.0,27.7323290845886,57.0,25.5299210702596,28.0,9,34.0,15.0,Very Weak
Mark Ronson,Y,Pop,0.01623306299115241,66.0,,,0.0121103003621101,79.0,0.00128468999173492,52.0,0.0359342107851817,56.0,0.0393904786765426,11.0,0.43,4.0,2.28,15.0,44.2692330238027,3.0,28.3115253649359,19.0,9,33.888888888888886,15.0,Very Weak
BJ The Chicago Kid,Y,R&B,0.020863118013102217,70.0,,,,,,,0.00248864582299992,8.0,0.106918238993711,53.0,0.74,81.0,2.08,9.0,39.5647346213635,9.0,32.1952326976313,8.0,7,34.0,15.0,Very Weak
Oladapo,Y,Afrobeats,0.23340905403212722,92.0,,,-0.00411539012566209,3.0,0.00056980102090165,51.0,0.0489187405365532,69.0,0.0523636363636364,16.0,0.52,16.0,2.26,14.0,36.8210227272727,26.0,29.0,16.0,9,33.666666666666664,14.0,Very Weak
Selena Gomez,N,Pop,-0.0008617473185186573,57.0,0.46034548438141004,61.0,-0.00144765002187341,23.0,-0.00169492000713944,5.0,0.00616794386292772,15.0,0.0378488160291439,10.0,,,,,,,24.3932453074641,63.0,7,33.42857142857143,14.0,Very Weak
Usher,N,R&B,-0.044029429781646826,33.0,,,0.0038940398953855,64.0,0.0,30.0,0.00866700895164493,21.0,0.0950253523376053,42.0,,,,,,,31.7316685295066,12.0,6,33.666666666666664,14.0,Very Weak
P!nk,Y,Pop,0.04606197072359141,77.0,,,0.00656192982569337,71.0,0.0,30.0,0.0123754993152069,29.0,0.0646386560246306,21.0,0.52,16.0,3.98,53.0,44.7360138934635,1.0,42.0514229952421,2.0,9,33.333333333333336,13.0,Very Weak
Young Thug,N,Hip-Hop & Rap,-0.1305857031704373,13.0,138.68372476330515,98.0,-0.00172271998599172,19.0,0.0,30.0,0.00853197128424622,20.0,0.0626614852026981,20.0,,,,,,,25.2665091792023,33.0,7,33.285714285714285,13.0,Very Weak
Skepta,Y,Hip-Hop & Rap,-0.0018023655554927451,56.0,-0.498209227333234,10.0,-0.002072439994663,14.0,-0.00105652003549039,7.0,0.0311415499456467,49.0,0.088345433702713,36.0,0.72,77.0,2.09,10.0,30.0503287616897,49.0,25.8131733871961,25.0,10,33.3,13.0,Very Weak
Jazmine Sullivan,Y,R&B,-0.003205509032255633,55.0,,,,,,,0.0348619543712832,54.0,,,0.55,25.0,3.61,44.0,38.437373998922,13.0,32.2384253076487,8.0,6,33.166666666666664,12.0,Very Weak
Adele,Y,Pop,-0.03140587688410415,40.0,-0.11474896335817258,28.0,-0.00171316997148097,19.0,0.0,30.0,0.0433401397442883,64.0,0.0971450667010376,44.0,0.55,25.0,2.91,28.0,44.0276400913065,5.0,24.8892827075161,46.0,10,32.9,12.0,Very Weak
BERWYN,Y,R&B,-0.029686662070022216,41.0,,,-0.00250048004090786,9.0,0.0,30.0,0.0150746039070912,31.0,0.0906313645621181,38.0,0.84,97.0,1.98,6.0,36.3924392439244,28.0,29.0,16.0,9,32.888888888888886,12.0,Very Weak
Red Clay Strays,Y,Country,-0.09573273739668144,20.0,1.675014748058702,81.0,0.00208742008544505,58.0,0.0,30.0,0.0261528677907771,44.0,0.0575626716338797,17.0,0.4,2.0,4.99,66.0,39.838794375002,8.0,43.0837589376915,0.0,10,32.6,11.0,Very Weak
Eminem,N,Hip-Hop & Rap,-0.14908068972753769,10.0,419.56856311265983,100.0,-0.00155008002184331,21.0,0.0,30.0,0.00262839457320709,8.0,0.0346024759284732,9.0,,,,,,,24.7326662520832,50.0,7,32.57142857142857,11.0,Very Weak
Buddy Guy,Y,Blues,0.08205453660224385,85.0,-0.1570024315068941,23.0,,,,,,,,,0.55,25.0,3.02,30.0,46.8838398939738,1.0,,,5,32.8,11.0,Very Weak
LU,N,,,,,,-0.00338672008365393,6.0,-0.00636943010613322,0.0,0.0473736232702626,67.0,0.0619765494137353,18.0,,,,,,,20.3992475648517,71.0,5,32.4,10.0,Very Weak
Elle King,Y,Country,0.019256416336784356,69.0,,,0.000997914001345634,50.0,0.00894568953663111,69.0,0.0205472639726661,34.0,0.0724319151351965,26.0,0.53,20.0,2.41,17.0,44.6791596517735,2.0,34.428277817151,5.0,9,32.44444444444444,10.0,Very Weak
2FeetBino,Y,Hip-Hop & Rap,-0.08703644350596708,22.0,-0.4642457090774285,11.0,-0.00237869005650282,11.0,0.00176304997876287,53.0,0.0477552543216018,68.0,0.0645676331587687,21.0,0.62,47.0,2.36,16.0,30.0161020517314,49.0,29.0,16.0,10,31.4,9.0,Very Weak
Sam Feldt,Y,Dance & Electronic,0.054402247081659465,80.0,0.0460913799734415,36.0,-0.00174077996052802,18.0,0.00367646990343928,58.0,0.00224012523109726,7.0,0.0325892857142857,8.0,0.56,27.0,2.09,10.0,38.0645298247269,18.0,24.8090302310985,49.0,10,31.1,9.0,Very Weak
GloRilla,N,Hip-Hop & Rap,0.00035354031360392186,57.0,-0.8297517753061258,4.0,-0.000691674009431154,34.0,0.0,30.0,0.0485657432981026,68.0,0.0358202356162821,9.0,,,,,,,28.0484663481724,21.0,7,31.857142857142858,9.0,Very Weak
Shakira,Y,Latin,-0.03546685598226708,38.0,,,0.000159720002557151,43.0,0.00233644992113113,55.0,0.00703172328661279,18.0,0.0397714614938027,11.0,0.47,9.0,4.02,55.0,38.7112421731647,12.0,25.1007506143254,37.0,9,30.88888888888889,8.0,Very Weak
Lost Frequencies,Y,Dance & Electronic,0.06566460407311143,82.0,,,-0.000683083024341613,34.0,0.000141102995257825,51.0,0.00736970338623585,18.0,0.0127946052135342,3.0,0.42,3.0,2.61,23.0,38.7694734616623,11.0,24.6254185937074,53.0,9,30.88888888888889,8.0,Very Weak
Purple Disco Machine,Y,Dance & Electronic,0.029094731582229694,73.0,-0.4386121131477893,12.0,0.00406011007726192,65.0,0.00469483993947506,60.0,0.0107299202086373,25.0,0.043605359317905,13.0,0.52,16.0,3.08,31.0,38.9602601437809,11.0,34.9092175281162,3.0,10,30.9,8.0,Very Weak
Britney Spears,Y,Pop,0.018727166712083406,68.0,,,0.00115659995935857,52.0,0.0,30.0,0.00324643498459883,9.0,0.00425405122843701,2.0,0.48,10.0,4.38,62.0,37.8689688719873,20.0,28.3052752083625,20.0,9,30.333333333333332,7.0,Very Weak
Maroon 5,N,Pop,0.04072014934658371,75.0,-0.20398769493453936,18.0,-0.00162213994190097,21.0,0.0,30.0,0.00306153220908224,8.0,0.0265241057542768,6.0,,,,,,,24.5174666120982,58.0,7,30.857142857142858,7.0,Very Weak
Alok,Y,Dance & Electronic,0.10696211401162026,88.0,-0.16333347277108867,22.0,-0.00154814997222275,22.0,0.00666667008772492,65.0,0.0045087580469117,11.0,0.0624871776349057,19.0,0.48,10.0,2.86,27.0,37.1790768237771,24.0,28.3630195878664,19.0,10,30.7,7.0,Very Weak
Cardi B,N,Hip-Hop & Rap,-0.11438069023757948,14.0,-0.34759898307497106,15.0,-0.000939132994972169,30.0,0.00617284001782537,64.0,0.00533838872044338,13.0,0.0550844094743886,17.0,,,,,,,24.781616615374,50.0,7,29.0,6.0,Very Weak
Walker Hayes,Y,Country,0.06794097188465491,84.0,-0.7440307907277239,5.0,7.35135017748689e-07,41.0,0.0,30.0,0.00559193913923686,13.0,0.0667921380755823,23.0,0.67,64.0,2.88,27.0,44.7005626213304,2.0,42.569020839245,2.0,10,29.1,6.0,Very Weak
Meghan Trainor,Y,Pop,-0.038861033507469105,35.0,0.2854765946913758,53.0,-0.0021656199824065,12.0,-0.00534758996218443,1.0,0.00551259112795368,13.0,0.0717195968698095,26.0,0.55,25.0,3.37,38.0,40.4964729341956,7.0,19.9579646914997,89.0,10,29.9,6.0,Very Weak
Skiifall,Y,Hip-Hop & Rap,-0.386898073001207,2.0,-0.7505808593029688,4.0,0.000368375011021271,45.0,-0.00208332994952798,3.0,0.027842974826269,47.0,0.0842230130486358,34.0,0.77,88.0,1.93,4.0,37.0876112251882,24.0,29.0,16.0,10,26.7,5.0,Very Weak
Mette,N,Pop,-0.03147921603955632,39.0,,,-0.000870525022037327,32.0,0.00294118002057076,57.0,0.00483233945814329,11.0,0.00368987746495913,1.0,,,,,,,27.8026874540617,22.0,6,27.0,5.0,Very Weak
Frances Whitney,N,Alternative / Indie,-0.13710197156423037,12.0,,,-0.00243315007537603,10.0,0.0,30.0,0.0355476959352094,55.0,0.0791386271870794,30.0,,,,,,,25.9613216435084,24.0,6,26.833333333333332,5.0,Very Weak
Ose,N,Afrobeats,-0.14980233575761234,9.0,,,0.000853242003358901,49.0,0.0,30.0,0.0,3.0,0.0907079646017699,38.0,,,,,,,25.5664850915329,28.0,6,26.166666666666668,4.0,Very Weak
Wizkid,Y,Afrobeats,-0.028399412196953175,42.0,-0.19700948785291705,19.0,0.000712304026819766,48.0,0.0,30.0,0.0197858323509027,33.0,0.0406624773518162,11.0,0.49,12.0,3.17,34.0,37.6082350227466,21.0,29.0,16.0,10,26.6,4.0,Very Weak
Teddy Swims,N,Pop,-0.04948110668137755,31.0,1.536592446944248,79.0,-0.00350516010075808,5.0,0.0,30.0,0.00564897055858092,14.0,0.0684024055669616,24.0,,,,,,,42.7019305514768,1.0,7,26.285714285714285,4.0,Very Weak
Snoh Aalegra,N,R&B,-0.02049831931597122,47.0,,,-0.00150509004015476,22.0,0.00439239013940096,59.0,0.0,3.0,0.0277577756262859,6.0,,,,,,,29.0,16.0,6,25.5,3.0,Very Weak
Taylor Swift,N,Pop,-0.04793881207070556,32.0,-0.6518733643924672,7.0,-0.00106584001332521,29.0,-0.00297619006596506,2.0,0.0135889401442889,29.0,0.061831348444103,18.0,,,,,,,24.5326455781871,57.0,7,24.857142857142858,3.0,Very Weak
Goya Menor & Nektunez,N,Afrobeats,0.028935093683295124,72.0,,,-0.00178834004327655,18.0,-0.000414421985624358,9.0,0.00761662459735905,19.0,0.0520222522928883,15.0,,,,,,,31.2300718556559,13.0,6,24.333333333333332,2.0,Very Weak
D'Angelo,Y,R&B,-0.06268722450297265,27.0,,,-0.000428342988016084,36.0,0.0,30.0,0.0,3.0,,,0.6,39.0,1.99,7.0,33.1536619992762,40.0,35.2659423387152,2.0,8,23.0,2.0,Very Weak
Justin Timberlake,Y,Pop,-0.1625551527335236,8.0,,,-0.00119437999092042,26.0,0.0,30.0,0.00184271210808664,7.0,0.0596754865129136,17.0,0.48,10.0,3.4,38.0,30.1336684784114,47.0,25.045211222347,39.0,9,24.666666666666668,2.0,Very Weak
Justin Bieber,N,Pop,-0.23287359788883943,5.0,-0.7491830385193929,5.0,-0.00132787995971739,24.0,0.0,30.0,0.00386001500119426,10.0,0.0433429355281207,12.0,,,,,,,24.1976574494336,68.0,7,22.0,1.0,Very Weak
Cam,Y,Country,-0.027830529232031748,42.0,0.03123000750241709,35.0,-0.00119404005818069,27.0,-0.000844595022499561,8.0,0.00584159720226119,15.0,0.0548887631414361,16.0,0.64,54.0,2.52,20.0,39.6366700974652,9.0,42.6823959716263,1.0,10,22.7,1.0,Very Weak
Barbara Doza,Y,Latin,-0.3038116591928251,3.0,,,,,,,0.0233179661922897,40.0,0.0774365821094793,29.0,0.46,7.0,1.62,2.0,38.3842003853565,15.0,24.3780909940247,64.0,7,22.857142857142858,1.0,Very Weak
Ice Spice,N,Hip-Hop & Rap,-0.10859683874690712,15.0,-0.5331370735181249,8.0,-0.00766373984515667,1.0,0.0,30.0,0.0,3.0,0.0609020979020979,18.0,,,,,,,25.1718785099756,35.0,7,15.714285714285714,0.0,Very Weak
Kanye West,N,Hip-Hop & Rap,0.1427975865635296,91.0,62.74240775533659,96.0,,,,,0.0532914874082419,73.0,,,,,,,,,24.8896662287431,46.0,4,,,
Yeat,N,Hip-Hop & Rap,0.26674513603284294,93.0,-0.055797445034600573,32.0,,,,,0.167162361251766,96.0,,,,,,,,,20.0376052116796,85.0,4,,,
Nicki Minaj,N,Hip-Hop & Rap,-0.012639466638113366,50.0,,,,,,,,,0.0710362685754812,26.0,,,,,,,,,2,,,
YNW Bslime,N,Hip-Hop & Rap,-0.04158337407707685,34.0,,,,,,,0.0057406029347718,15.0,,,,,,,,,19.8048126261395,95.0,3,,,
Ethan Garner,Y,Country,91.49006622516556,100.0,,,,,,,,,,,0.43,4.0,4.48,63.0,34.6392971046214,31.0,,,4,,,
Lawson,N,Pop,-0.01765375854214123,48.0,0.05231788079470199,37.0,,,,,,,,,,,,,,,,,2,,,
KNA,N,R&B,-0.864406779661017,0.0,,,,,,,,,,,,,,,,,,,1,,,
